{
  "code": "Ok",
  "routes": [
    {
      "distance": 4723.8,
      "duration": 615,
      "geometry": "mfp_I__vpAYBO@K@[BuBRgBLK@UBMMC?AAKAe@FyBTC@E?IDKDA@K@]BUBSBA?E@E@A@KFUBK@mAL{CZQ@qBRUBmAFc@@}@Fu@DG?a@B[@qAF_AJ[D_E`@SBO@ODA@UDA?]JC?uBNE?OAKACa@AI]mCCUE[AK[iCWqB[{Bk@sE_@_DAICSAOIm@AIQuACOQyAG[Gc@]wBw@aFKu@y@oFCMAOIm@?KAQ?KIuDQmHE}BBQ?Q?OCq@?I?IASAg@OuF?OAi@?c@@c@Du@r@cH@U@I@G@K?E~@kJRyBf@uE@KFi@RaBBMFc@Da@@ETaC@QJ{@Ny@Ha@RiAfBuJF]DOh@yAHSf@aADIR_@\\q@w@y@e@a@CCUQaCkB{@y@GESO?_@?C?[IoCIgDMsEAYOkEAQ@Yj@kENg@ZyBBIHm@FY@GBUJk@JmA?c@?QAQG]LKDEDCHOL]FO^uA@GTu@La@`A_DJ[pAgCJSlAwBJSf@{@b@w@dAqBHQZq@LMLKRIFAL?J@HBFBp@XPHh@TTJNFTRNFd@N\\HF@J@J@@V?N@rA@dB",
      "legs": [
        {
          "annotation": {
            "datasources": [
              0, 0, 0, 0, 0, 0, 0, 0, 0, 0, 0, 0, 0, 0, 0, 0, 0, 0, 0, 0, 0, 0,
              0, 0, 0, 0, 0, 0, 0, 0, 0, 0, 0, 0, 0, 0, 0, 0, 0, 0, 0, 0, 0, 0,
              0, 0, 0, 0, 0, 0, 0, 0, 0, 0, 0, 0, 0, 0, 0, 0, 0, 0, 0, 0, 0, 0,
              0, 0, 0, 0, 0, 0, 0, 0, 0, 0, 0, 0, 0, 0, 0, 0, 0, 0, 0, 0, 0
            ],
            "distance": [
              13.630409, 9.944389, 6.597164, 14.744144, 66.13974, 58.724836,
              6.369095, 11.833617, 8.914191, 2.788061, 1.12047, 7.033683,
              20.801149, 68.159635, 2.930433, 3.173345, 5.813009, 6.723702,
              1.237046, 6.612417, 16.326948, 12.546012, 11.950376, 1.120469,
              3.251023, 2.705274, 2.057884, 6.533669, 12.641249, 6.265334,
              43.614612, 87.692952, 10.313294, 63.759178, 12.530661, 43.018608,
              19.798744, 34.940942, 29.984171, 4.790385, 18.281741, 15.352959,
              46.58357, 35.831, 15.773896, 106.635798, 11.970464, 8.845313,
              8.635699, 1.11432, 12.777425, 0.912675, 16.75363, 2.788058,
              65.536808, 3.781694, 8.513921, 6.456801, 11.992854, 4.014266,
              50.643877, 7.771135, 10.036615, 4.209614, 48.869661, 40.760339,
              44.714001, 75.913711, 57.168678, 3.754862, 6.99452, 5.213823,
              16.709867, 3.789291, 30.535165, 5.670217, 32.167245, 10.618625,
              12.813056, 43.811516, 82.791492, 19.567414, 87.244709, 5.267215,
              5.25035, 16.253892, 4.478335
            ],
            "duration": [
              1.2, 1.5, 1, 2.2, 9.9, 8.8, 1, 1.8, 0.8, 0.3, 0.1, 0.6, 1.9, 6.1,
              0.3, 0.3, 0.5, 0.6, 0.1, 0.6, 1.5, 1.1, 1.1, 0.1, 0.3, 0.2, 0.2,
              0.6, 1.1, 0.6, 3.9, 7.9, 0.9, 5.7, 1.1, 3.9, 1.8, 3.1, 2.7, 0.4,
              1.6, 1.4, 4.2, 3.2, 1.4, 9.6, 1.1, 0.8, 0.8, 0.1, 1.1, 0.1, 1.5,
              0.3, 5.9, 0.3, 0.8, 0.6, 1.8, 0.6, 7.6, 1.2, 1.5, 0.6, 7.3, 6.1,
              6.7, 11.4, 8.6, 0.6, 1, 0.8, 2.5, 0.6, 4.6, 0.9, 4.8, 1.6, 1.9,
              6.6, 12.4, 2.9, 13.1, 0.8, 0.8, 2.4, 0.6
            ],
            "metadata": {
              "datasource_names": ["lua profile"]
            },
            "nodes": [
              8507892381, 21487242, 6583929459, 6400490593, 9023382187,
              25664649, 5824646648, 5824646647, 25664680, 577258918, 247600501,
              4603453154, 1769589038, 1864428522, 837929252, 4489423698,
              1864428536, 247600500, 1769589131, 2792266111, 2600944242,
              365714332, 1769589045, 3754652237, 2058568011, 1769589025,
              2045862310, 8305578766, 2010745299, 3869306764, 3869306765,
              3973608516, 1769589042, 1769589022, 1769589034, 1769589073,
              4603453180, 51974037, 29192281, 6476575478, 6476575479,
              3781110311, 3781110313, 51965353, 3781110316, 3781110318,
              6576739835, 3781110319, 3820768524, 3918673918, 4603453593,
              4603453594, 3253177076, 4221253809, 8930450388, 3781110321,
              4943615793, 8930450387, 51965345, 3781110323, 4363314591,
              5340467365, 3918673878, 3918673879, 3185200555, 26871580,
              4547201155, 5323317820, 26871581, 5700389947, 3185200557,
              6269909799, 311464976, 5700389949, 5700389946, 3933855818,
              3185200558, 4815315420, 26871576, 4815315421, 3933855819,
              1448679343, 8829413702, 8829413700, 5700389941, 3836987623,
              659394041, 3836987625
            ],
            "speed": [
              11.4, 6.6, 6.6, 6.7, 6.7, 6.7, 6.4, 6.6, 11.1, 9.3, 11.2, 11.7,
              10.9, 11.2, 9.8, 10.6, 11.6, 11.2, 12.4, 11, 10.9, 11.4, 10.9,
              11.2, 10.8, 13.5, 10.3, 10.9, 11.5, 10.4, 11.2, 11.1, 11.5, 11.2,
              11.4, 11, 11, 11.3, 11.1, 12, 11.4, 11, 11.1, 11.2, 11.3, 11.1,
              10.9, 11.1, 10.8, 11.1, 11.6, 9.1, 11.2, 9.3, 11.1, 12.6, 10.6,
              10.8, 6.7, 6.7, 6.7, 6.5, 6.7, 7, 6.7, 6.7, 6.7, 6.7, 6.6, 6.3, 7,
              6.5, 6.7, 6.3, 6.6, 6.3, 6.7, 6.6, 6.7, 6.6, 6.7, 6.7, 6.7, 6.6,
              6.6, 6.8, 7.5
            ],
            "weight": [
              2.4, 1.5, 1, 2.2, 9.9, 8.8, 1, 1.8, 0.8, 0.3, 0.1, 0.6, 1.9, 6.1,
              0.3, 0.3, 0.5, 0.6, 0.1, 0.6, 1.5, 1.1, 1.1, 0.1, 0.3, 0.2, 0.2,
              0.6, 1.1, 0.6, 3.9, 7.9, 0.9, 5.7, 1.1, 3.9, 1.8, 3.1, 2.7, 0.4,
              1.6, 1.4, 4.2, 3.2, 1.4, 9.6, 1.1, 0.8, 0.8, 0.1, 1.1, 0.1, 1.5,
              0.3, 5.9, 0.3, 0.8, 0.6, 1.8, 0.6, 7.6, 1.2, 1.5, 0.6, 7.3, 6.1,
              6.7, 11.4, 8.6, 0.6, 1, 0.8, 2.5, 0.6, 4.6, 0.9, 4.8, 1.6, 1.9,
              6.6, 12.4, 2.9, 13.1, 0.8, 0.8, 2.4, 0.6
            ]
          },
          "distance": 1884.7,
          "duration": 251.5,
          "steps": [],
          "summary": "",
          "weight": 252.7
        },
        {
          "annotation": {
            "datasources": [
              0, 0, 0, 0, 0, 0, 0, 0, 0, 0, 0, 0, 0, 0, 0, 0, 0, 0, 0, 0, 0, 0,
              0, 0, 0, 0, 0, 0, 0, 0, 0, 0, 0, 0, 0, 0, 0, 0, 0, 0, 0, 0, 0, 0,
              0, 0, 0, 0, 0, 0, 0, 0, 0, 0, 0, 0, 0, 0, 0, 0, 0, 0, 0, 0, 0, 0,
              0, 0, 0, 0, 0, 0, 0, 0, 0, 0, 0, 0, 0, 0, 0, 0, 0, 0, 0, 0, 0, 0,
              0, 0, 0, 0, 0, 0, 0, 0, 0, 0, 0, 0, 0, 0, 0, 0, 0, 0, 0, 0, 0, 0,
              0, 0, 0, 0, 0, 0, 0, 0, 0, 0, 0, 0, 0, 0, 0, 0, 0
            ],
            "distance": [
              6.249966, 3.601731, 62.03793, 102.890092, 42.873526, 6.294771,
              6.2938, 4.959519, 17.112698, 3.748057, 3.265, 6.866638, 13.353374,
              83.835441, 5.431414, 14.339464, 11.843376, 12.173585, 18.751919,
              103.097397, 7.446668, 3.498305, 3.077381, 3.853855, 2.301158,
              128.137537, 42.973336, 75.419403, 4.240306, 14.663187, 35.280779,
              5.021878, 12.764656, 12.624331, 2.237489, 45.713308, 5.733964,
              21.596429, 21.410863, 12.866322, 26.964019, 139.222133, 11.246094,
              6.591144, 38.083394, 9.27277, 31.285344, 4.102395, 15.602032,
              24.012839, 36.456044, 24.518094, 3.092516, 12.689374, 81.396041,
              38.738042, 4.459141, 12.541409, 10.759539, 1.488662, 9.67694,
              49.17818, 56.863959, 71.966963, 8.866641, 69.657745, 6.241153,
              9.216485, 72.973818, 15.724198, 44.312383, 4.016875, 16.871659,
              9.364151, 3.156445, 7.713629, 15.864639, 27.77299, 11.792977,
              6.395623, 6.3007, 10.934203, 8.688841, 3.967319, 3.220167,
              8.380706, 12.526532, 6.612991, 34.225708, 2.834423, 21.988567,
              14.059263, 65.386757, 11.399274, 64.513672, 10.321872, 59.230944,
              9.300303, 30.508744, 27.114261, 54.638427, 8.427593, 23.207449,
              8.833347, 8.422588, 11.424729, 5.491941, 7.467203, 6.479812,
              5.847845, 4.923975, 28.932546, 10.842079, 23.880056, 13.420025,
              8.685829, 14.605958, 8.580507, 22.404646, 16.753681, 4.481871,
              6.812087, 6.818471, 8.342514, 5.289143, 27.976318, 34.535662
            ],